[{"idEntity":37818,"label":"Berlin","startChar":135,"endChar":141,"extractorType":"City","nerdType":"http://nerd.eurecom.fr/ontology#Location","confidence":0.666593,"relevance":0.5,"extractor":"alchemyapi","startNPT":58.08,"endNPT":60.72},{"idEntity":37819,"label":"Brandenburg","startChar":160,"endChar":171,"extractorType":"StateOrCounty","nerdType":"http://nerd.eurecom.fr/ontology#Location","confidence":0.223279,"relevance":0.5,"extractor":"alchemyapi","startNPT":58.08,"endNPT":60.72},{"idEntity":37820,"label":"Hiob","startChar":202,"endChar":206,"extractorType":"person","nerdType":"http://nerd.eurecom.fr/ontology#Person","uri":"http://dbpedia.org/resource/Fake","confidence":-1.0,"relevance":0.5,"extractor":"semitags","startNPT":60.88,"endNPT":65.52},{"idEntity":37821,"label":"BE","startChar":547,"endChar":549,"extractorType":"organization","nerdType":"http://nerd.eurecom.fr/ontology#Organization","uri":"http://dbpedia.org/resource/Fake","confidence":-1.0,"relevance":0.5,"extractor":"semitags","startNPT":80.28,"endNPT":83.68},{"idEntity":37822,"label":"Brandenburgisch","startChar":749,"endChar":764,"extractorType":"miscellaneous","nerdType":"http://nerd.eurecom.fr/ontology#Thing","uri":"http://dbpedia.org/resource/Fake","confidence":-1.0,"relevance":0.5,"extractor":"semitags","startNPT":93.72,"endNPT":97.88},{"idEntity":37823,"label":"Finanzminister","startChar":766,"endChar":780,"extractorType":"FieldTerminology","nerdType":"http://nerd.eurecom.fr/ontology#Product","confidence":0.23397,"relevance":0.5,"extractor":"alchemyapi","startNPT":93.72,"endNPT":97.88},{"idEntity":37824,"label":"Eur","startChar":879,"endChar":882,"extractorType":"organization","nerdType":"http://nerd.eurecom.fr/ontology#Organization","uri":"http://dbpedia.org/resource/Fake","confidence":-1.0,"relevance":0.5,"extractor":"semitags","startNPT":105.6,"endNPT":109.92},{"idEntity":37825,"label":"Mehrkoste","startChar":888,"endChar":897,"extractorType":"organization","nerdType":"http://nerd.eurecom.fr/ontology#Organization","uri":"http://dbpedia.org/resource/Fake","confidence":-1.0,"relevance":0.5,"extractor":"semitags","startNPT":105.6,"endNPT":109.92},{"idEntity":37826,"label":"Mehrkoste","startChar":915,"endChar":924,"extractorType":"organization","nerdType":"http://nerd.eurecom.fr/ontology#Organization","uri":"http://dbpedia.org/resource/Fake","confidence":-1.0,"relevance":0.5,"extractor":"semitags","startNPT":1857.4,"endNPT":1859.88},{"idEntity":37827,"label":"EU","startChar":1087,"endChar":1089,"extractorType":"Organization","nerdType":"http://nerd.eurecom.fr/ontology#Organization","confidence":0.229456,"relevance":0.5,"extractor":"alchemyapi","startNPT":116.16,"endNPT":120.56},{"idEntity":37828,"label":"Brandenburg","startChar":1179,"endChar":1190,"extractorType":"location","nerdType":"http://nerd.eurecom.fr/ontology#Location","uri":"http://dbpedia.org/resource/Fake","confidence":-1.0,"relevance":0.5,"extractor":"semitags","startNPT":123.48,"endNPT":126.44},{"idEntity":37829,"label":"Eur","startChar":1537,"endChar":1540,"extractorType":"organization","nerdType":"http://nerd.eurecom.fr/ontology#Organization","uri":"http://dbpedia.org/resource/Fake","confidence":-1.0,"relevance":0.5,"extractor":"semitags","startNPT":149.52,"endNPT":151.0},{"idEntity":37830,"label":"Potsdamer Finanzministeriu","startChar":1671,"endChar":1697,"extractorType":"organization","nerdType":"http://nerd.eurecom.fr/ontology#Organization","uri":"http://dbpedia.org/resource/Fake","confidence":-1.0,"relevance":0.5,"extractor":"semitags","startNPT":157.48,"endNPT":161.56},{"idEntity":37831,"label":"Roten Rathaus","startChar":1739,"endChar":1752,"extractorType":"Organization","nerdType":"http://nerd.eurecom.fr/ontology#Organization","confidence":0.23113,"relevance":0.5,"extractor":"alchemyapi","startNPT":161.72,"endNPT":165.24},{"idEntity":37832,"label":"Schwar","startChar":2137,"endChar":2143,"extractorType":"person","nerdType":"http://nerd.eurecom.fr/ontology#Person","uri":"http://dbpedia.org/resource/Fake","confidence":-1.0,"relevance":0.5,"extractor":"semitags","startNPT":180.92,"endNPT":183.639},{"idEntity":37833,"label":"Eur","startChar":2232,"endChar":2235,"extractorType":"organization","nerdType":"http://nerd.eurecom.fr/ontology#Organization","uri":"http://dbpedia.org/resource/Fake","confidence":-1.0,"relevance":0.5,"extractor":"semitags","startNPT":187.72,"endNPT":189.48},{"idEntity":37834,"label":"Brandenbur","startChar":2394,"endChar":2404,"extractorType":"location","nerdType":"http://nerd.eurecom.fr/ontology#Location","uri":"http://dbpedia.org/resource/Fake","confidence":-1.0,"relevance":0.5,"extractor":"semitags","startNPT":196.8,"endNPT":200.04},{"idEntity":37835,"label":"Mehrkoste","startChar":2690,"endChar":2699,"extractorType":"organization","nerdType":"http://nerd.eurecom.fr/ontology#Organization","uri":"http://dbpedia.org/resource/Fake","confidence":-1.0,"relevance":0.5,"extractor":"semitags","startNPT":214.12,"endNPT":218.08},{"idEntity":37836,"label":"Opposition","startChar":2987,"endChar":2997,"extractorType":"organization","nerdType":"http://nerd.eurecom.fr/ontology#Organization","uri":"http://dbpedia.org/resource/Fake","confidence":-1.0,"relevance":0.5,"extractor":"semitags","startNPT":1857.4,"endNPT":1859.88},{"idEntity":37837,"label":"Montgomer","startChar":3294,"endChar":3303,"extractorType":"person","nerdType":"http://nerd.eurecom.fr/ontology#Person","uri":"http://dbpedia.org/resource/Fake","confidence":-1.0,"relevance":0.5,"extractor":"semitags","startNPT":247.2,"endNPT":250.68},{"idEntity":37838,"label":"Berlin","startChar":3348,"endChar":3354,"extractorType":"City","nerdType":"http://nerd.eurecom.fr/ontology#Location","confidence":0.666593,"relevance":0.5,"extractor":"alchemyapi","startNPT":250.84,"endNPT":252.96},{"idEntity":37839,"label":"Regensbur","startChar":3469,"endChar":3478,"extractorType":"location","nerdType":"http://nerd.eurecom.fr/ontology#Location","uri":"http://dbpedia.org/resource/Fake","confidence":-1.0,"relevance":0.5,"extractor":"semitags","startNPT":256.68,"endNPT":259.56},{"idEntity":37840,"label":"Berlin","startChar":3693,"endChar":3699,"extractorType":"City","nerdType":"http://nerd.eurecom.fr/ontology#Location","confidence":0.666593,"relevance":0.5,"extractor":"alchemyapi","startNPT":270.0,"endNPT":271.92},{"idEntity":37841,"label":"Auenstehenden","startChar":4432,"endChar":4445,"extractorType":"Company","nerdType":"http://nerd.eurecom.fr/ontology#Organization","confidence":0.216997,"relevance":0.5,"extractor":"alchemyapi","startNPT":315.32,"endNPT":318.08},{"idEntity":37842,"label":"Schweiz","startChar":5191,"endChar":5198,"extractorType":"Country","nerdType":"http://nerd.eurecom.fr/ontology#Location","confidence":0.205321,"relevance":0.5,"extractor":"alchemyapi","startNPT":361.32,"endNPT":364.8},{"idEntity":37843,"label":"Deutschland","startChar":5273,"endChar":5284,"extractorType":"Country","nerdType":"http://nerd.eurecom.fr/ontology#Location","confidence":0.204623,"relevance":0.5,"extractor":"alchemyapi","startNPT":367.52,"endNPT":370.04},{"idEntity":37844,"label":"Marzah","startChar":5477,"endChar":5483,"extractorType":"location","nerdType":"http://nerd.eurecom.fr/ontology#Location","uri":"http://dbpedia.org/resource/Fake","confidence":-1.0,"relevance":0.5,"extractor":"semitags","startNPT":396.36,"endNPT":400.68},{"idEntity":37845,"label":"�damerika","startChar":5606,"endChar":5615,"extractorType":"Continent","nerdType":"http://nerd.eurecom.fr/ontology#Location","confidence":0.215225,"relevance":0.5,"extractor":"alchemyapi","startNPT":403.28,"endNPT":407.72},{"idEntity":37846,"label":"Marzah","startChar":5631,"endChar":5637,"extractorType":"location","nerdType":"http://nerd.eurecom.fr/ontology#Location","uri":"http://dbpedia.org/resource/Fake","confidence":-1.0,"relevance":0.5,"extractor":"semitags","startNPT":407.88,"endNPT":410.0},{"idEntity":37847,"label":"First Sola","startChar":5787,"endChar":5797,"extractorType":"organization","nerdType":"http://nerd.eurecom.fr/ontology#Organization","uri":"http://dbpedia.org/resource/Fake","confidence":-1.0,"relevance":0.5,"extractor":"semitags","startNPT":413.44,"endNPT":416.0},{"idEntity":37848,"label":"Arbeitsgerich","startChar":5832,"endChar":5845,"extractorType":"organization","nerdType":"http://nerd.eurecom.fr/ontology#Organization","uri":"http://dbpedia.org/resource/Fake","confidence":-1.0,"relevance":0.5,"extractor":"semitags","startNPT":416.16,"endNPT":419.04},{"idEntity":37849,"label":"Frankfurt","startChar":5856,"endChar":5865,"extractorType":"City","nerdType":"http://nerd.eurecom.fr/ontology#Location","confidence":0.205155,"relevance":0.5,"extractor":"alchemyapi","startNPT":416.16,"endNPT":419.04},{"idEntity":37850,"label":"Golzo","startChar":6276,"endChar":6281,"extractorType":"location","nerdType":"http://nerd.eurecom.fr/ontology#Location","uri":"http://dbpedia.org/resource/Fake","confidence":-1.0,"relevance":0.5,"extractor":"semitags","startNPT":434.76,"endNPT":438.6},{"idEntity":37851,"label":"Eur","startChar":6408,"endChar":6411,"extractorType":"organization","nerdType":"http://nerd.eurecom.fr/ontology#Organization","uri":"http://dbpedia.org/resource/Fake","confidence":-1.0,"relevance":0.5,"extractor":"semitags","startNPT":442.96,"endNPT":445.76},{"idEntity":37852,"label":"Brandenburge","startChar":6423,"endChar":6435,"extractorType":"miscellaneous","nerdType":"http://nerd.eurecom.fr/ontology#Thing","uri":"http://dbpedia.org/resource/Fake","confidence":-1.0,"relevance":0.5,"extractor":"semitags","startNPT":448.16,"endNPT":452.12},{"idEntity":37853,"label":"Wend","startChar":6453,"endChar":6457,"extractorType":"miscellaneous","nerdType":"http://nerd.eurecom.fr/ontology#Thing","uri":"http://dbpedia.org/resource/Fake","confidence":-1.0,"relevance":0.5,"extractor":"semitags","startNPT":448.16,"endNPT":452.12},{"idEntity":37854,"label":"Weste","startChar":6542,"endChar":6547,"extractorType":"location","nerdType":"http://nerd.eurecom.fr/ontology#Location","uri":"http://dbpedia.org/resource/Fake","confidence":-1.0,"relevance":0.5,"extractor":"semitags","startNPT":452.28,"endNPT":456.0},{"idEntity":37855,"label":"Internet","startChar":6650,"endChar":6658,"extractorType":"Technology","nerdType":"http://nerd.eurecom.fr/ontology#Product","confidence":0.20573,"relevance":0.5,"extractor":"alchemyapi","startNPT":459.72,"endNPT":463.2},{"idEntity":37856,"label":"Michaela Bentzin","startChar":6868,"endChar":6884,"extractorType":"Person","nerdType":"http://nerd.eurecom.fr/ontology#Person","confidence":0.531716,"relevance":0.5,"extractor":"alchemyapi","startNPT":475.0,"endNPT":478.4},{"idEntity":37857,"label":"Uckermar","startChar":7184,"endChar":7192,"extractorType":"location","nerdType":"http://nerd.eurecom.fr/ontology#Location","uri":"http://dbpedia.org/resource/Fake","confidence":-1.0,"relevance":0.5,"extractor":"semitags","startNPT":501.28,"endNPT":504.16},{"idEntity":37858,"label":"Michaela Bentzin","startChar":7263,"endChar":7279,"extractorType":"Person","nerdType":"http://nerd.eurecom.fr/ontology#Person","confidence":0.531716,"relevance":0.5,"extractor":"alchemyapi","startNPT":510.48,"endNPT":514.76},{"idEntity":37859,"label":"Bremerhave","startChar":7283,"endChar":7293,"extractorType":"location","nerdType":"http://nerd.eurecom.fr/ontology#Location","uri":"http://dbpedia.org/resource/Fake","confidence":-1.0,"relevance":0.5,"extractor":"semitags","startNPT":510.48,"endNPT":514.76},{"idEntity":37860,"label":"Templin","startChar":7346,"endChar":7353,"extractorType":"City","nerdType":"http://nerd.eurecom.fr/ontology#Location","confidence":0.204519,"relevance":0.5,"extractor":"alchemyapi","startNPT":514.92,"endNPT":517.4},{"idEntity":37861,"label":"Ostdeutsche","startChar":7400,"endChar":7411,"extractorType":"miscellaneous","nerdType":"http://nerd.eurecom.fr/ontology#Thing","uri":"http://dbpedia.org/resource/Fake","confidence":-1.0,"relevance":0.5,"extractor":"semitags","startNPT":517.4,"endNPT":519.96},{"idEntity":37862,"label":"Ostdeutsch","startChar":7567,"endChar":7577,"extractorType":"miscellaneous","nerdType":"http://nerd.eurecom.fr/ontology#Thing","uri":"http://dbpedia.org/resource/Fake","confidence":-1.0,"relevance":0.5,"extractor":"semitags","startNPT":526.04,"endNPT":529.6},{"idEntity":37863,"label":"Weste","startChar":7590,"endChar":7595,"extractorType":"location","nerdType":"http://nerd.eurecom.fr/ontology#Location","uri":"http://dbpedia.org/resource/Fake","confidence":-1.0,"relevance":0.5,"extractor":"semitags","startNPT":526.04,"endNPT":529.6},{"idEntity":37864,"label":"Michaela Bentzin","startChar":7758,"endChar":7774,"extractorType":"Person","nerdType":"http://nerd.eurecom.fr/ontology#Person","confidence":0.531716,"relevance":0.5,"extractor":"alchemyapi","startNPT":538.12,"endNPT":541.88},{"idEntity":37865,"label":"Abi","startChar":7792,"endChar":7795,"extractorType":"Organization","nerdType":"http://nerd.eurecom.fr/ontology#Organization","confidence":0.202509,"relevance":0.5,"extractor":"alchemyapi","startNPT":538.12,"endNPT":541.88},{"idEntity":37866,"label":"Weste","startChar":7884,"endChar":7889,"extractorType":"location","nerdType":"http://nerd.eurecom.fr/ontology#Location","uri":"http://dbpedia.org/resource/Fake","confidence":-1.0,"relevance":0.5,"extractor":"semitags","startNPT":544.36,"endNPT":547.08},{"idEntity":37867,"label":"Bremerhave","startChar":8044,"endChar":8054,"extractorType":"location","nerdType":"http://nerd.eurecom.fr/ontology#Location","uri":"http://dbpedia.org/resource/Fake","confidence":-1.0,"relevance":0.5,"extractor":"semitags","startNPT":550.12,"endNPT":551.4},{"idEntity":37868,"label":"Weste","startChar":8451,"endChar":8456,"extractorType":"location","nerdType":"http://nerd.eurecom.fr/ontology#Location","uri":"http://dbpedia.org/resource/Fake","confidence":-1.0,"relevance":0.5,"extractor":"semitags","startNPT":591.8,"endNPT":594.36},{"idEntity":37869,"label":"Michaela Bentzin","startChar":9044,"endChar":9060,"extractorType":"Person","nerdType":"http://nerd.eurecom.fr/ontology#Person","confidence":0.531716,"relevance":0.5,"extractor":"alchemyapi","startNPT":1857.4,"endNPT":1859.88},{"idEntity":37870,"label":"Christine","startChar":9119,"endChar":9128,"extractorType":"Person","nerdType":"http://nerd.eurecom.fr/ontology#Person","confidence":0.199579,"relevance":0.5,"extractor":"alchemyapi","startNPT":637.16,"endNPT":641.2},{"idEntity":37871,"label":"von Blanckenbur","startChar":9137,"endChar":9152,"extractorType":"person","nerdType":"http://nerd.eurecom.fr/ontology#Person","uri":"http://dbpedia.org/resource/Fake","confidence":-1.0,"relevance":0.5,"extractor":"semitags","startNPT":637.16,"endNPT":641.2},{"idEntity":37872,"label":"Berlin","startChar":9864,"endChar":9870,"extractorType":"City","nerdType":"http://nerd.eurecom.fr/ontology#Location","confidence":0.666593,"relevance":0.5,"extractor":"alchemyapi","startNPT":757.12,"endNPT":761.52},{"idEntity":37873,"label":"Uckermar","startChar":9902,"endChar":9910,"extractorType":"location","nerdType":"http://nerd.eurecom.fr/ontology#Location","uri":"http://dbpedia.org/resource/Fake","confidence":-1.0,"relevance":0.5,"extractor":"semitags","startNPT":757.12,"endNPT":761.52},{"idEntity":37874,"label":"Uckermar","startChar":10016,"endChar":10024,"extractorType":"location","nerdType":"http://nerd.eurecom.fr/ontology#Location","uri":"http://dbpedia.org/resource/Fake","confidence":-1.0,"relevance":0.5,"extractor":"semitags","startNPT":785.96,"endNPT":789.28},{"idEntity":37875,"label":"Brandenburge","startChar":10337,"endChar":10349,"extractorType":"miscellaneous","nerdType":"http://nerd.eurecom.fr/ontology#Thing","uri":"http://dbpedia.org/resource/Fake","confidence":-1.0,"relevance":0.5,"extractor":"semitags","startNPT":865.16,"endNPT":869.32},{"idEntity":37876,"label":"Potsdame","startChar":10400,"endChar":10408,"extractorType":"miscellaneous","nerdType":"http://nerd.eurecom.fr/ontology#Thing","uri":"http://dbpedia.org/resource/Fake","confidence":-1.0,"relevance":0.5,"extractor":"semitags","startNPT":870.96,"endNPT":874.44},{"idEntity":37877,"label":"Franziska Weber","startChar":10412,"endChar":10427,"extractorType":"Person","nerdType":"http://nerd.eurecom.fr/ontology#Person","confidence":0.296908,"relevance":0.5,"extractor":"alchemyapi","startNPT":870.96,"endNPT":874.44},{"idEntity":37878,"label":"Tina Dietze","startChar":10437,"endChar":10448,"extractorType":"Person","nerdType":"http://nerd.eurecom.fr/ontology#Person","confidence":0.282497,"relevance":0.5,"extractor":"alchemyapi","startNPT":870.96,"endNPT":874.44},{"idEntity":37879,"label":"Leipzi","startChar":10453,"endChar":10459,"extractorType":"location","nerdType":"http://nerd.eurecom.fr/ontology#Location","uri":"http://dbpedia.org/resource/Fake","confidence":-1.0,"relevance":0.5,"extractor":"semitags","startNPT":870.96,"endNPT":874.44},{"idEntity":37880,"label":"Olympisches Gol","startChar":10474,"endChar":10489,"extractorType":"location","nerdType":"http://nerd.eurecom.fr/ontology#Location","uri":"http://dbpedia.org/resource/Fake","confidence":-1.0,"relevance":0.5,"extractor":"semitags","startNPT":874.6,"endNPT":876.52},{"idEntity":37881,"label":"Potsdame","startChar":10501,"endChar":10509,"extractorType":"miscellaneous","nerdType":"http://nerd.eurecom.fr/ontology#Thing","uri":"http://dbpedia.org/resource/Fake","confidence":-1.0,"relevance":0.5,"extractor":"semitags","startNPT":876.68,"endNPT":879.8},{"idEntity":37882,"label":"Peter Kretschmer","startChar":10519,"endChar":10535,"extractorType":"Person","nerdType":"http://nerd.eurecom.fr/ontology#Person","confidence":0.285705,"relevance":0.5,"extractor":"alchemyapi","startNPT":876.68,"endNPT":879.8},{"idEntity":37883,"label":"Kurt Kuschela","startChar":10540,"endChar":10553,"extractorType":"Person","nerdType":"http://nerd.eurecom.fr/ontology#Person","confidence":0.261473,"relevance":0.5,"extractor":"alchemyapi","startNPT":876.68,"endNPT":879.8},{"idEntity":37884,"label":"Dorney Lake","startChar":10597,"endChar":10608,"extractorType":"GeographicFeature","nerdType":"http://nerd.eurecom.fr/ontology#Location","confidence":0.207526,"relevance":0.5,"extractor":"alchemyapi","startNPT":879.96,"endNPT":882.76},{"idEntity":37885,"label":"KC Potsda","startChar":10722,"endChar":10731,"extractorType":"organization","nerdType":"http://nerd.eurecom.fr/ontology#Organization","uri":"http://dbpedia.org/resource/Fake","confidence":-1.0,"relevance":0.5,"extractor":"semitags","startNPT":885.96,"endNPT":889.4},{"idEntity":37886,"label":"Olympia","startChar":10919,"endChar":10926,"extractorType":"City","nerdType":"http://nerd.eurecom.fr/ontology#Location","confidence":0.19583,"relevance":0.5,"extractor":"alchemyapi","startNPT":898.04,"endNPT":901.2},{"idEntity":37887,"label":"Franziska Weber","startChar":10966,"endChar":10981,"extractorType":"Person","nerdType":"http://nerd.eurecom.fr/ontology#Person","confidence":0.296908,"relevance":0.5,"extractor":"alchemyapi","startNPT":901.36,"endNPT":905.0},{"idEntity":37888,"label":"Tina Dietze","startChar":10986,"endChar":10997,"extractorType":"Person","nerdType":"http://nerd.eurecom.fr/ontology#Person","confidence":0.282497,"relevance":0.5,"extractor":"alchemyapi","startNPT":901.36,"endNPT":905.0},{"idEntity":37889,"label":"Olympischen Gol","startChar":11013,"endChar":11028,"extractorType":"location","nerdType":"http://nerd.eurecom.fr/ontology#Location","uri":"http://dbpedia.org/resource/Fake","confidence":-1.0,"relevance":0.5,"extractor":"semitags","startNPT":905.52,"endNPT":907.84},{"idEntity":37890,"label":"Zweier-Kaja","startChar":11055,"endChar":11066,"extractorType":"location","nerdType":"http://nerd.eurecom.fr/ontology#Location","uri":"http://dbpedia.org/resource/Fake","confidence":-1.0,"relevance":0.5,"extractor":"semitags","startNPT":908.24,"endNPT":912.72},{"idEntity":37891,"label":"Gold-Medaill","startChar":11109,"endChar":11121,"extractorType":"location","nerdType":"http://nerd.eurecom.fr/ontology#Location","uri":"http://dbpedia.org/resource/Fake","confidence":-1.0,"relevance":0.5,"extractor":"semitags","startNPT":913.76,"endNPT":917.16},{"idEntity":37892,"label":"deutsche","startChar":11143,"endChar":11151,"extractorType":"miscellaneous","nerdType":"http://nerd.eurecom.fr/ontology#Thing","uri":"http://dbpedia.org/resource/Fake","confidence":-1.0,"relevance":0.5,"extractor":"semitags","startNPT":913.76,"endNPT":917.16},{"idEntity":37893,"label":"Deutschen Haus","startChar":11170,"endChar":11184,"extractorType":"Organization","nerdType":"http://nerd.eurecom.fr/ontology#Organization","confidence":0.206037,"relevance":0.5,"extractor":"alchemyapi","startNPT":917.84,"endNPT":921.4},{"idEntity":37894,"label":"Kristin Joachim","startChar":11207,"endChar":11222,"extractorType":"Person","nerdType":"http://nerd.eurecom.fr/ontology#Person","confidence":0.198615,"relevance":0.5,"extractor":"alchemyapi","startNPT":917.84,"endNPT":921.4},{"idEntity":37895,"label":"Olympia De","startChar":11366,"endChar":11376,"extractorType":"organization","nerdType":"http://nerd.eurecom.fr/ontology#Organization","uri":"http://dbpedia.org/resource/Fake","confidence":-1.0,"relevance":0.5,"extractor":"semitags","startNPT":929.96,"endNPT":932.96},{"idEntity":37896,"label":"Peter Kretschmer","startChar":11387,"endChar":11403,"extractorType":"Person","nerdType":"http://nerd.eurecom.fr/ontology#Person","confidence":0.285705,"relevance":0.5,"extractor":"alchemyapi","startNPT":1857.4,"endNPT":1859.88},{"idEntity":37897,"label":"Kurt Kuschela","startChar":11408,"endChar":11421,"extractorType":"Person","nerdType":"http://nerd.eurecom.fr/ontology#Person","confidence":0.261473,"relevance":0.5,"extractor":"alchemyapi","startNPT":934.6,"endNPT":937.16},{"idEntity":37898,"label":"deutsche","startChar":11690,"endChar":11698,"extractorType":"miscellaneous","nerdType":"http://nerd.eurecom.fr/ontology#Thing","uri":"http://dbpedia.org/resource/Fake","confidence":-1.0,"relevance":0.5,"extractor":"semitags","startNPT":994.28,"endNPT":997.52},{"idEntity":37899,"label":"Panko","startChar":12081,"endChar":12086,"extractorType":"location","nerdType":"http://nerd.eurecom.fr/ontology#Location","uri":"http://dbpedia.org/resource/Fake","confidence":-1.0,"relevance":0.5,"extractor":"semitags","startNPT":1064.44,"endNPT":1068.6},{"idEntity":37900,"label":"SPD-Fra","startChar":12525,"endChar":12532,"extractorType":"miscellaneous","nerdType":"http://nerd.eurecom.fr/ontology#Thing","uri":"http://dbpedia.org/resource/Fake","confidence":-1.0,"relevance":0.5,"extractor":"semitags","startNPT":1857.4,"endNPT":1859.88},{"idEntity":37901,"label":"Pankowe","startChar":12782,"endChar":12789,"extractorType":"miscellaneous","nerdType":"http://nerd.eurecom.fr/ontology#Thing","uri":"http://dbpedia.org/resource/Fake","confidence":-1.0,"relevance":0.5,"extractor":"semitags","startNPT":1118.48,"endNPT":1121.72},{"idEntity":37902,"label":"Schach","startChar":12857,"endChar":12863,"extractorType":"Sport","nerdType":"http://nerd.eurecom.fr/ontology#Thing","confidence":0.201262,"relevance":0.5,"extractor":"alchemyapi","startNPT":1124.0,"endNPT":1128.36},{"idEntity":37903,"label":"Englisc","startChar":12880,"endChar":12887,"extractorType":"miscellaneous","nerdType":"http://nerd.eurecom.fr/ontology#Thing","uri":"http://dbpedia.org/resource/Fake","confidence":-1.0,"relevance":0.5,"extractor":"semitags","startNPT":1124.0,"endNPT":1128.36},{"idEntity":37904,"label":"SP","startChar":12985,"endChar":12987,"extractorType":"organization","nerdType":"http://nerd.eurecom.fr/ontology#Organization","uri":"http://dbpedia.org/resource/Fake","confidence":-1.0,"relevance":0.5,"extractor":"semitags","startNPT":1134.32,"endNPT":1138.72},{"idEntity":37905,"label":"SPD-Fraktions-Chefi","startChar":13667,"endChar":13686,"extractorType":"miscellaneous","nerdType":"http://nerd.eurecom.fr/ontology#Thing","uri":"http://dbpedia.org/resource/Fake","confidence":-1.0,"relevance":0.5,"extractor":"semitags","startNPT":1857.4,"endNPT":1859.88},{"idEntity":37906,"label":"muslimische","startChar":14079,"endChar":14090,"extractorType":"miscellaneous","nerdType":"http://nerd.eurecom.fr/ontology#Thing","uri":"http://dbpedia.org/resource/Fake","confidence":-1.0,"relevance":0.5,"extractor":"semitags","startNPT":1212.84,"endNPT":1215.32},{"idEntity":37907,"label":"Landesumweltamtes","startChar":14419,"endChar":14436,"extractorType":"Organization","nerdType":"http://nerd.eurecom.fr/ontology#Organization","confidence":0.191935,"relevance":0.5,"extractor":"alchemyapi","startNPT":1231.4,"endNPT":1234.96},{"idEntity":37908,"label":"Polizei","startChar":14455,"endChar":14462,"extractorType":"Organization","nerdType":"http://nerd.eurecom.fr/ontology#Organization","confidence":0.334473,"relevance":0.5,"extractor":"alchemyapi","startNPT":1235.12,"endNPT":1238.36},{"idEntity":37909,"label":"Vetschau","startChar":14521,"endChar":14529,"extractorType":"City","nerdType":"http://nerd.eurecom.fr/ontology#Location","confidence":0.191768,"relevance":0.5,"extractor":"alchemyapi","startNPT":1238.52,"endNPT":1240.0},{"idEntity":37910,"label":"Polen","startChar":14590,"endChar":14595,"extractorType":"Country","nerdType":"http://nerd.eurecom.fr/ontology#Location","confidence":0.189864,"relevance":0.5,"extractor":"alchemyapi","startNPT":1240.16,"endNPT":1243.76},{"idEntity":37911,"label":"Lies","startChar":14750,"endChar":14754,"extractorType":"Person","nerdType":"http://nerd.eurecom.fr/ontology#Person","confidence":0.190526,"relevance":0.5,"extractor":"alchemyapi","startNPT":1250.64,"endNPT":1253.04},{"idEntity":37912,"label":"Kremme","startChar":15135,"endChar":15141,"extractorType":"location","nerdType":"http://nerd.eurecom.fr/ontology#Location","uri":"http://dbpedia.org/resource/Fake","confidence":-1.0,"relevance":0.5,"extractor":"semitags","startNPT":1270.68,"endNPT":1273.36},{"idEntity":37913,"label":"Stadthalle","startChar":15195,"endChar":15205,"extractorType":"Facility","nerdType":"http://nerd.eurecom.fr/ontology#Location","confidence":0.199082,"relevance":0.5,"extractor":"alchemyapi","startNPT":1273.52,"endNPT":1275.72},{"idEntity":37914,"label":"deutsche","startChar":15373,"endChar":15381,"extractorType":"miscellaneous","nerdType":"http://nerd.eurecom.fr/ontology#Thing","uri":"http://dbpedia.org/resource/Fake","confidence":-1.0,"relevance":0.5,"extractor":"semitags","startNPT":1285.32,"endNPT":1288.56},{"idEntity":37915,"label":"BE","startChar":15652,"endChar":15654,"extractorType":"organization","nerdType":"http://nerd.eurecom.fr/ontology#Organization","uri":"http://dbpedia.org/resource/Fake","confidence":-1.0,"relevance":0.5,"extractor":"semitags","startNPT":1301.84,"endNPT":1305.08},{"idEntity":37916,"label":"Radio Berli","startChar":16414,"endChar":16425,"extractorType":"organization","nerdType":"http://nerd.eurecom.fr/ontology#Organization","uri":"http://dbpedia.org/resource/Fake","confidence":-1.0,"relevance":0.5,"extractor":"semitags","startNPT":1497.08,"endNPT":1501.72},{"idEntity":37917,"label":"Radio Berli","startChar":16488,"endChar":16499,"extractorType":"organization","nerdType":"http://nerd.eurecom.fr/ontology#Organization","uri":"http://dbpedia.org/resource/Fake","confidence":-1.0,"relevance":0.5,"extractor":"semitags","startNPT":1508.84,"endNPT":1513.08},{"idEntity":37918,"label":"Ulli","startChar":16547,"endChar":16551,"extractorType":"Person","nerdType":"http://nerd.eurecom.fr/ontology#Person","confidence":0.188082,"relevance":0.5,"extractor":"alchemyapi","startNPT":1522.48,"endNPT":1523.96},{"idEntity":37919,"label":"Klaus Maria Brandauer","startChar":16624,"endChar":16645,"extractorType":"Person","nerdType":"http://nerd.eurecom.fr/ontology#Person","confidence":0.190976,"relevance":0.5,"extractor":"alchemyapi","startNPT":1528.0,"endNPT":1531.52},{"idEntity":37920,"label":"deutschsprachige","startChar":16699,"endChar":16715,"extractorType":"miscellaneous","nerdType":"http://nerd.eurecom.fr/ontology#Thing","uri":"http://dbpedia.org/resource/Fake","confidence":-1.0,"relevance":0.5,"extractor":"semitags","startNPT":1531.68,"endNPT":1536.36},{"idEntity":37921,"label":"Mephist","startChar":16772,"endChar":16779,"extractorType":"person","nerdType":"http://nerd.eurecom.fr/ontology#Person","uri":"http://dbpedia.org/resource/Fake","confidence":-1.0,"relevance":0.5,"extractor":"semitags","startNPT":1536.52,"endNPT":1540.0},{"idEntity":37922,"label":"Berliner","startChar":16914,"endChar":16922,"extractorType":"City","nerdType":"http://nerd.eurecom.fr/ontology#Location","confidence":0.334984,"relevance":0.5,"extractor":"alchemyapi","startNPT":1544.84,"endNPT":1548.4},{"idEntity":37923,"label":"Ensembl","startChar":16931,"endChar":16938,"extractorType":"location","nerdType":"http://nerd.eurecom.fr/ontology#Location","uri":"http://dbpedia.org/resource/Fake","confidence":-1.0,"relevance":0.5,"extractor":"semitags","startNPT":1544.84,"endNPT":1548.4},{"idEntity":37924,"label":"Neuhardenber","startChar":16995,"endChar":17007,"extractorType":"location","nerdType":"http://nerd.eurecom.fr/ontology#Location","uri":"http://dbpedia.org/resource/Fake","confidence":-1.0,"relevance":0.5,"extractor":"semitags","startNPT":1548.4,"endNPT":1551.12},{"idEntity":37925,"label":"Neuhardenber","startChar":17018,"endChar":17030,"extractorType":"location","nerdType":"http://nerd.eurecom.fr/ontology#Location","uri":"http://dbpedia.org/resource/Fake","confidence":-1.0,"relevance":0.5,"extractor":"semitags","startNPT":1551.28,"endNPT":1553.32},{"idEntity":37926,"label":"Wien","startChar":17155,"endChar":17159,"extractorType":"City","nerdType":"http://nerd.eurecom.fr/ontology#Location","confidence":0.185637,"relevance":0.5,"extractor":"alchemyapi","startNPT":1557.48,"endNPT":1560.8},{"idEntity":37927,"label":"Salzburg","startChar":17166,"endChar":17174,"extractorType":"City","nerdType":"http://nerd.eurecom.fr/ontology#Location","confidence":0.174568,"relevance":0.5,"extractor":"alchemyapi","startNPT":1557.48,"endNPT":1560.8},{"idEntity":37928,"label":"Berli","startChar":17189,"endChar":17194,"extractorType":"location","nerdType":"http://nerd.eurecom.fr/ontology#Location","uri":"http://dbpedia.org/resource/Fake","confidence":-1.0,"relevance":0.5,"extractor":"semitags","startNPT":1557.48,"endNPT":1560.8},{"idEntity":37929,"label":"Neuhardenber","startChar":17259,"endChar":17271,"extractorType":"location","nerdType":"http://nerd.eurecom.fr/ontology#Location","uri":"http://dbpedia.org/resource/Fake","confidence":-1.0,"relevance":0.5,"extractor":"semitags","startNPT":1563.56,"endNPT":1566.8},{"idEntity":37930,"label":"Arno Waschk","startChar":17308,"endChar":17319,"extractorType":"Person","nerdType":"http://nerd.eurecom.fr/ontology#Person","confidence":0.190387,"relevance":0.5,"extractor":"alchemyapi","startNPT":1578.2,"endNPT":1582.0},{"idEntity":37931,"label":"Luis Bunuel","startChar":17428,"endChar":17439,"extractorType":"Person","nerdType":"http://nerd.eurecom.fr/ontology#Person","confidence":0.188169,"relevance":0.5,"extractor":"alchemyapi","startNPT":1586.56,"endNPT":1588.72},{"idEntity":37932,"label":"Got","startChar":17453,"endChar":17456,"extractorType":"person","nerdType":"http://nerd.eurecom.fr/ontology#Person","uri":"http://dbpedia.org/resource/Fake","confidence":-1.0,"relevance":0.5,"extractor":"semitags","startNPT":1589.32,"endNPT":1592.96},{"idEntity":37933,"label":"Gotte","startChar":17632,"endChar":17637,"extractorType":"person","nerdType":"http://nerd.eurecom.fr/ontology#Person","uri":"http://dbpedia.org/resource/Fake","confidence":-1.0,"relevance":0.5,"extractor":"semitags","startNPT":1600.8,"endNPT":1605.44},{"idEntity":37934,"label":"Got","startChar":17653,"endChar":17656,"extractorType":"person","nerdType":"http://nerd.eurecom.fr/ontology#Person","uri":"http://dbpedia.org/resource/Fake","confidence":-1.0,"relevance":0.5,"extractor":"semitags","startNPT":1600.8,"endNPT":1605.44},{"idEntity":37935,"label":"Fische","startChar":17827,"endChar":17833,"extractorType":"person","nerdType":"http://nerd.eurecom.fr/ontology#Person","uri":"http://dbpedia.org/resource/Fake","confidence":-1.0,"relevance":0.5,"extractor":"semitags","startNPT":1649.2,"endNPT":1652.08},{"idEntity":37936,"label":"Peitz","startChar":17904,"endChar":17909,"extractorType":"Person","nerdType":"http://nerd.eurecom.fr/ontology#Person","confidence":0.185827,"relevance":0.5,"extractor":"alchemyapi","startNPT":1652.16,"endNPT":1655.88},{"idEntity":37937,"label":"Fische","startChar":17922,"endChar":17928,"extractorType":"person","nerdType":"http://nerd.eurecom.fr/ontology#Person","uri":"http://dbpedia.org/resource/Fake","confidence":-1.0,"relevance":0.5,"extractor":"semitags","startNPT":1652.16,"endNPT":1655.88},{"idEntity":37938,"label":"An-Fische","startChar":18065,"endChar":18074,"extractorType":"miscellaneous","nerdType":"http://nerd.eurecom.fr/ontology#Thing","uri":"http://dbpedia.org/resource/Fake","confidence":-1.0,"relevance":0.5,"extractor":"semitags","startNPT":1663.4,"endNPT":1666.64},{"idEntity":37939,"label":"Romney","startChar":18209,"endChar":18215,"extractorType":"Person","nerdType":"http://nerd.eurecom.fr/ontology#Person","confidence":0.296596,"relevance":0.5,"extractor":"alchemyapi","startNPT":1857.4,"endNPT":1859.88},{"idEntity":37940,"label":"Boris Becker","startChar":18379,"endChar":18391,"extractorType":"Person","nerdType":"http://nerd.eurecom.fr/ontology#Person","confidence":0.190994,"relevance":0.5,"extractor":"alchemyapi","startNPT":1689.8,"endNPT":1694.36},{"idEntity":37941,"label":"Otto Waalkes","startChar":18393,"endChar":18405,"extractorType":"Person","nerdType":"http://nerd.eurecom.fr/ontology#Person","confidence":0.174774,"relevance":0.5,"extractor":"alchemyapi","startNPT":1689.8,"endNPT":1694.36},{"idEntity":37942,"label":"Marius ","startChar":18445,"endChar":18452,"extractorType":"person","nerdType":"http://nerd.eurecom.fr/ontology#Person","uri":"http://dbpedia.org/resource/Fake","confidence":-1.0,"relevance":0.5,"extractor":"semitags","startNPT":1694.4,"endNPT":1698.6},{"idEntity":37943,"label":"Romneys Man","startChar":18475,"endChar":18486,"extractorType":"person","nerdType":"http://nerd.eurecom.fr/ontology#Person","uri":"http://dbpedia.org/resource/Fake","confidence":-1.0,"relevance":0.5,"extractor":"semitags","startNPT":1694.4,"endNPT":1698.6},{"idEntity":37944,"label":"Galerie Camera Wor","startChar":18556,"endChar":18574,"extractorType":"location","nerdType":"http://nerd.eurecom.fr/ontology#Location","uri":"http://dbpedia.org/resource/Fake","confidence":-1.0,"relevance":0.5,"extractor":"semitags","startNPT":1698.76,"endNPT":1702.48},{"idEntity":37945,"label":"Spre","startChar":18623,"endChar":18627,"extractorType":"location","nerdType":"http://nerd.eurecom.fr/ontology#Location","uri":"http://dbpedia.org/resource/Fake","confidence":-1.0,"relevance":0.5,"extractor":"semitags","startNPT":1710.0,"endNPT":1714.88},{"idEntity":37946,"label":"Eur","startChar":18901,"endChar":18904,"extractorType":"organization","nerdType":"http://nerd.eurecom.fr/ontology#Organization","uri":"http://dbpedia.org/resource/Fake","confidence":-1.0,"relevance":0.5,"extractor":"semitags","startNPT":1732.32,"endNPT":1734.2},{"idEntity":37947,"label":"Polizei","startChar":19072,"endChar":19079,"extractorType":"Organization","nerdType":"http://nerd.eurecom.fr/ontology#Organization","confidence":0.334473,"relevance":0.5,"extractor":"alchemyapi","startNPT":1760.68,"endNPT":1764.48},{"idEntity":37948,"label":"Asiatische","startChar":19161,"endChar":19171,"extractorType":"FieldTerminology","nerdType":"http://nerd.eurecom.fr/ontology#Product","confidence":0.199372,"relevance":0.5,"extractor":"alchemyapi","startNPT":1857.4,"endNPT":1859.88},{"idEntity":37949,"label":"Berliner","startChar":19307,"endChar":19315,"extractorType":"City","nerdType":"http://nerd.eurecom.fr/ontology#Location","confidence":0.334984,"relevance":0.5,"extractor":"alchemyapi","startNPT":1778.28,"endNPT":1780.92},{"idEntity":37950,"label":"Tagesspiege","startChar":19447,"endChar":19458,"extractorType":"organization","nerdType":"http://nerd.eurecom.fr/ontology#Organization","uri":"http://dbpedia.org/resource/Fake","confidence":-1.0,"relevance":0.5,"extractor":"semitags","startNPT":1787.8,"endNPT":1789.2},{"idEntity":37951,"label":"Birte Morlin","startChar":20245,"endChar":20257,"extractorType":"person","nerdType":"http://nerd.eurecom.fr/ontology#Person","uri":"http://dbpedia.org/resource/Fake","confidence":-1.0,"relevance":0.5,"extractor":"semitags","startNPT":1857.4,"endNPT":1859.88}]
